pop_total,med_income,med_age,white_alone,black_alone,asian_alone,hispanic_any,pop_below_poverty,NAME,Zip_Code,p_white,p_black,p_asian,p_hispanic,p_poverty
18300.0,116600.0,42.5,14504.0,310.0,474.0,3397.0,1845.0,ZCTA5 91901,91901,0.792568306010929,0.016939890710382512,0.025901639344262296,0.18562841530054644,0.10081967213114754
17445.0,121727.0,46.9,7318.0,255.0,2578.0,8241.0,1017.0,ZCTA5 91902,91902,0.41948982516480365,0.014617368873602751,0.14777873316136428,0.4723989681857266,0.05829750644883921
3375.0,58561.0,44.9,2235.0,204.0,15.0,1016.0,507.0,ZCTA5 91906,91906,0.6622222222222223,0.060444444444444446,0.0044444444444444444,0.30103703703703705,0.15022222222222223
77957.0,87705.0,38.4,28568.0,2888.0,8215.0,50129.0,7978.0,ZCTA5 91910,91910,0.36645843221263,0.03704606385571533,0.10537860615467501,0.6430339802711751,0.10233846864296985
84619.0,79334.0,36.7,28566.0,3447.0,6106.0,63244.0,8862.0,ZCTA5 91911,91911,0.33758375778489463,0.04073553220907834,0.07215873503586664,0.7473971566669424,0.1047282525201196
57067.0,129412.0,35.6,14377.0,4767.0,15044.0,27003.0,3281.0,ZCTA5 91913,91913,0.25193193964988525,0.08353339057598963,0.2636199554909142,0.4731806473093031,0.05749382305009901
17036.0,164398.0,38.4,6606.0,550.0,3065.0,8916.0,626.0,ZCTA5 91914,91914,0.38776708147452454,0.032284573843625264,0.17991312514674807,0.5233622916177506,0.03674571495656257
35385.0,138283.0,34.9,10726.0,2853.0,8166.0,15405.0,2111.0,ZCTA5 91915,91915,0.30312279214356364,0.08062738448495126,0.2307757524374735,0.4353539635438745,0.05965804719513918
25897.0,79071.0,35.2,12669.0,1185.0,1765.0,13145.0,3938.0,ZCTA5 91932,91932,0.48920724408232613,0.045758195930030506,0.06815461250337877,0.5075877514770051,0.15206394563076805
9466.0,138953.0,45.7,7153.0,76.0,136.0,2281.0,315.0,ZCTA5 91935,91935,0.755651806465244,0.008028734417916754,0.01436720895837735,0.24096767377984366,0.03327699133741813
33706.0,111607.0,41.2,21585.0,2385.0,1740.0,8803.0,2347.0,ZCTA5 91941,91941,0.6403904349373999,0.07075891532664808,0.05162285646472438,0.26117011807986706,0.0696315196107518
40920.0,81262.0,37.5,25146.0,2979.0,2866.0,11054.0,5076.0,ZCTA5 91942,91942,0.614516129032258,0.07280058651026393,0.07003910068426197,0.2701368523949169,0.12404692082111438
27531.0,79381.0,38.8,9939.0,4099.0,2616.0,12127.0,2790.0,ZCTA5 91945,91945,0.36101122371145256,0.1488867095274418,0.09502015909338564,0.4404852711488867,0.10134030728996404
57173.0,63858.0,36.3,18533.0,2467.0,9404.0,38273.0,8017.0,ZCTA5 91950,91950,0.32415650744232416,0.043149738512934424,0.1644832350934882,0.6694243786402673,0.1402235320868242
62957.0,92407.0,35.3,25676.0,7761.0,4534.0,29201.0,6493.0,ZCTA5 91977,91977,0.4078339183887415,0.12327461600775132,0.07201740870753054,0.46382451514525785,0.10313388503264133
10511.0,111506.0,38.4,4734.0,1208.0,642.0,3859.0,1404.0,ZCTA5 91978,91978,0.45038531062696224,0.11492721910379602,0.061078869755494244,0.3671391875178385,0.13357435068023976
4978.0,110577.0,41.2,3461.0,13.0,110.0,1310.0,826.0,ZCTA5 92003,92003,0.6952591402169546,0.0026114905584572116,0.02209722780233025,0.2631578947368421,0.16593009240658899
11764.0,165063.0,39.0,8929.0,46.0,433.0,2475.0,1597.0,ZCTA5 92007,92007,0.7590105406324379,0.003910234614076844,0.03680720843250595,0.21038762325739543,0.13575314518871132
27707.0,105371.0,42.6,19837.0,292.0,2084.0,5166.0,2218.0,ZCTA5 92008,92008,0.7159562565416682,0.01053885299743747,0.07521564947486195,0.18645107734507524,0.08005197242574079
45778.0,162128.0,43.3,33578.0,590.0,4023.0,7330.0,2803.0,ZCTA5 92009,92009,0.7334964393376732,0.01288828695006335,0.08788064135610993,0.16012058193892262,0.061230285289877236
17300.0,120612.0,40.6,11659.0,110.0,2408.0,2756.0,1418.0,ZCTA5 92010,92010,0.6739306358381503,0.006358381502890174,0.13919075144508672,0.1593063583815029,0.08196531791907515
23715.0,154985.0,43.6,16265.0,202.0,2744.0,3930.0,1466.0,ZCTA5 92011,92011,0.6858528357579591,0.008517815728441914,0.11570735821210204,0.1657179000632511,0.06181741513809825
13260.0,194528.0,53.1,10295.0,186.0,839.0,1280.0,527.0,ZCTA5 92014,92014,0.776395173453997,0.014027149321266969,0.06327300150829562,0.09653092006033183,0.03974358974358974
45801.0,99266.0,40.1,32680.0,903.0,1476.0,9768.0,4825.0,ZCTA5 92019,92019,0.7135215388310299,0.019715726730857405,0.03222637060326194,0.21327045261020502,0.10534704482434881
58490.0,72822.0,36.3,37253.0,3789.0,2599.0,16511.0,9543.0,ZCTA5 92020,92020,0.6369122926996068,0.06478030432552573,0.04443494614464011,0.2822875705248761,0.16315609505898443
69306.0,69979.0,36.0,42095.0,4449.0,3696.0,19550.0,12426.0,ZCTA5 92021,92021,0.6073788705162613,0.06419357631373906,0.05332871612847372,0.28208235939168325,0.1792918362046576
50030.0,149080.0,44.3,39901.0,343.0,2339.0,7207.0,2879.0,ZCTA5 92024,92024,0.797541475114931,0.006855886468119129,0.04675194883070158,0.14405356785928444,0.05754547271637018
50046.0,71716.0,36.8,22150.0,1245.0,2788.0,26716.0,8303.0,ZCTA5 92025,92025,0.44259281461055827,0.02487711305598849,0.05570874795188427,0.5338288774327619,0.16590736522399394
53041.0,97301.0,39.0,29452.0,1065.0,4332.0,21192.0,5939.0,ZCTA5 92026,92026,0.5552685658264361,0.02007880696065308,0.08167266831319168,0.39953997850719253,0.1119699854829283
55232.0,86106.0,36.3,25631.0,1141.0,3618.0,31249.0,6505.0,ZCTA5 92027,92027,0.4640606894553882,0.020658314020857473,0.06550550405561993,0.5657770857473928,0.11777592699884125
50905.0,102346.0,38.7,29236.0,984.0,2150.0,21468.0,5734.0,ZCTA5 92028,92028,0.5743247225223456,0.01933012474216678,0.04223553678420587,0.42172674589922404,0.11264119438169139
20296.0,120038.0,43.9,13849.0,430.0,1874.0,4774.0,998.0,ZCTA5 92029,92029,0.6823512022073315,0.0211864406779661,0.09233346472211273,0.23521876231769806,0.04917225068979109
3128.0,71875.0,53.6,2573.0,44.0,0.0,572.0,316.0,ZCTA5 92036,92036,0.8225703324808185,0.014066496163682864,0.0,0.18286445012787725,0.1010230179028133
39284.0,141822.0,44.9,28477.0,478.0,4680.0,5159.0,3198.0,ZCTA5 92037,92037,0.7249007229406375,0.012167803685979025,0.11913247123510844,0.1313257305773343,0.0814071886773241
45978.0,103585.0,39.1,35349.0,931.0,780.0,10097.0,4040.0,ZCTA5 92040,92040,0.768824220279264,0.020248814650485013,0.016964635260341903,0.21960502849188743,0.08786811083561703
37546.0,76974.0,39.1,20316.0,1255.0,1604.0,15338.0,4997.0,ZCTA5 92054,92054,0.5410962552602141,0.03342566451819102,0.04272092899376764,0.4085122250039951,0.13309007617322752
53265.0,102570.0,38.9,30826.0,1669.0,4532.0,16536.0,2485.0,ZCTA5 92056,92056,0.5787289965268,0.03133389655496104,0.08508401389280015,0.31044776119402984,0.04665352482868675
57994.0,106421.0,37.7,29298.0,3125.0,5091.0,23058.0,4224.0,ZCTA5 92057,92057,0.5051901920888368,0.053884884643238956,0.08778494326999345,0.39759285443321724,0.07283512087457324
49189.0,72479.0,24.8,24308.0,3424.0,2682.0,21099.0,3641.0,ZCTA5 92058,92058,0.4941755270487304,0.06960905893594097,0.054524385533350955,0.42893736404480676,0.0740206143650003
1693.0,92500.0,55.6,1189.0,2.0,40.0,285.0,157.0,ZCTA5 92061,92061,0.7023036030714708,0.0011813349084465446,0.02362669816893089,0.16834022445363261,0.09273479031305375
48555.0,144201.0,41.9,30345.0,1356.0,6515.0,8152.0,2503.0,ZCTA5 92064,92064,0.6249613839975285,0.02792709298733395,0.13417773658737514,0.16789208114509319,0.05154978889918649
37397.0,120550.0,41.0,26834.0,370.0,659.0,11440.0,2069.0,ZCTA5 92065,92065,0.7175441880364735,0.009893841752012194,0.017621734363719013,0.30590689092707973,0.05532529347273846
46825.0,93065.0,36.5,22654.0,749.0,5213.0,21541.0,5493.0,ZCTA5 92069,92069,0.4838013881473572,0.01599572877736252,0.11132941804591565,0.4600320341697811,0.11730912973838761
59739.0,105603.0,39.5,41888.0,1426.0,3333.0,13000.0,4964.0,ZCTA5 92071,92071,0.7011834814777615,0.023870503356266427,0.0557926982373324,0.21761328445404174,0.08309479569460486
11996.0,146210.0,47.5,9695.0,93.0,615.0,1482.0,705.0,ZCTA5 92075,92075,0.8081860620206736,0.007752584194731577,0.05126708902967656,0.12354118039346448,0.058769589863287765
53542.0,114905.0,38.6,33161.0,701.0,5573.0,15129.0,4387.0,ZCTA5 92078,92078,0.619345560494565,0.013092525494004706,0.10408651152366366,0.28256322139628703,0.081935676665048
29596.0,102663.0,37.0,18882.0,1235.0,2269.0,8933.0,2482.0,ZCTA5 92081,92081,0.6379916204892553,0.041728611974591164,0.07666576564400594,0.3018313285579132,0.08386268414650629
20596.0,118602.0,41.7,12523.0,385.0,604.0,7885.0,1830.0,ZCTA5 92082,92082,0.6080306855700136,0.01869295008739561,0.029326082734511556,0.3828413284132841,0.0888522043115168
37957.0,82614.0,34.1,15746.0,912.0,1526.0,23588.0,4184.0,ZCTA5 92083,92083,0.41483784282214087,0.02402718866085307,0.04020338804436599,0.6214400505835551,0.11022999710198382
49533.0,97410.0,34.9,25995.0,1094.0,1915.0,24079.0,4635.0,ZCTA5 92084,92084,0.5248016473865907,0.022086285910403167,0.03866109462378616,0.48612036420164334,0.09357398098237539
1410.0,68224.0,60.6,874.0,7.0,140.0,364.0,248.0,ZCTA5 92086,92086,0.6198581560283688,0.004964539007092199,0.09929078014184398,0.2581560283687943,0.17588652482269504
48163.0,90477.0,37.0,29737.0,3791.0,4763.0,11324.0,7734.0,ZCTA5 92101,92101,0.6174241637771734,0.07871187426032432,0.09889334136162614,0.2351182442954135,0.16057969810850653
39001.0,71319.0,33.9,16968.0,3611.0,2392.0,21673.0,5960.0,ZCTA5 92102,92102,0.43506576754442194,0.0925873695546268,0.061331760724084,0.5557036999051307,0.15281659444629625
34817.0,96887.0,41.7,25169.0,858.0,2526.0,6950.0,3155.0,ZCTA5 92103,92103,0.7228939885688026,0.024643134101157482,0.07255076543068041,0.1996151305396789,0.09061665278455927
46912.0,92862.0,34.9,28213.0,3405.0,2798.0,14453.0,4627.0,ZCTA5 92104,92104,0.6014026261937244,0.07258270804911324,0.059643587994542974,0.308087482946794,0.09863148021828104
71284.0,65174.0,33.6,17406.0,9511.0,13277.0,34896.0,15380.0,ZCTA5 92105,92105,0.2441782167106223,0.1334240502777622,0.18625498007968128,0.4895348184725885,0.2157566915436844
20863.0,127209.0,38.7,15943.0,438.0,958.0,3359.0,1740.0,ZCTA5 92106,92106,0.7641758136413747,0.020994104395341034,0.045918611896659155,0.1610027321094761,0.08340123663902603
29789.0,107262.0,36.4,23132.0,554.0,950.0,4838.0,2332.0,ZCTA5 92107,92107,0.7765282486823996,0.0185974688643459,0.03189096646413105,0.1624089428983853,0.07828393030984591
24401.0,101704.0,33.8,14015.0,1525.0,3112.0,5866.0,2699.0,ZCTA5 92108,92108,0.574361706487439,0.06249743862956436,0.1275357567312815,0.24039998360722922,0.11061022089258638
44456.0,118300.0,33.5,34881.0,867.0,1694.0,5438.0,3822.0,ZCTA5 92109,92109,0.7846184991902105,0.019502429368364226,0.03810509267590426,0.12232319596904805,0.08597264711175094
31186.0,102508.0,34.2,20299.0,1530.0,2337.0,5705.0,4333.0,ZCTA5 92110,92110,0.6509010453408581,0.04906047585455012,0.07493747194253832,0.1829346501635349,0.13894055024690566
45888.0,95081.0,37.9,24431.0,2062.0,9224.0,12519.0,4474.0,ZCTA5 92111,92111,0.5324049860529986,0.04493549511854951,0.20101115760111576,0.27281642259414224,0.09749825662482567
49047.0,59177.0,32.0,17332.0,5014.0,1759.0,38153.0,10466.0,ZCTA5 92113,92113,0.3533753338634371,0.10222847472832182,0.035863559442983264,0.7778865170142925,0.21338715925540808
64820.0,90171.0,38.0,14040.0,11289.0,15593.0,28351.0,7591.0,ZCTA5 92114,92114,0.2165998148719531,0.17415921012033322,0.24055846960814564,0.43738043813637767,0.11710891700092564
64011.0,75178.0,29.0,31792.0,6403.0,8346.0,19445.0,12018.0,ZCTA5 92115,92115,0.4966646357657278,0.10002968239833779,0.1303838402774523,0.30377591351486466,0.18774898064395182
31484.0,95775.0,35.6,19742.0,1440.0,2086.0,9322.0,2893.0,ZCTA5 92116,92116,0.6270486596366408,0.0457375174691907,0.0662558760005082,0.2960869012831915,0.09188794308220048
52645.0,105286.0,39.2,34013.0,1080.0,4746.0,13275.0,5467.0,ZCTA5 92117,92117,0.6460822490264982,0.020514768733972837,0.09015101149206953,0.2521606990217495,0.10384651913761991
18495.0,135056.0,42.2,14632.0,405.0,706.0,3524.0,786.0,ZCTA5 92118,92118,0.791132738577994,0.021897810218978103,0.03817247904839146,0.19053798323871315,0.04249797242497973
24868.0,115600.0,41.7,16713.0,921.0,2134.0,4346.0,1458.0,ZCTA5 92119,92119,0.672068521795078,0.03703554769181277,0.08581309313173556,0.17476274730577449,0.058629564098439765
31797.0,114579.0,37.1,21365.0,2013.0,2506.0,6257.0,2994.0,ZCTA5 92120,92120,0.6719187344718055,0.06330785923200302,0.07881246658489795,0.19677957039972324,0.09415982639871685
4157.0,135795.0,32.7,2120.0,83.0,1074.0,597.0,697.0,ZCTA5 92121,92121,0.5099831609333654,0.019966321866730814,0.2583593937936012,0.14361318258359393,0.16766899206158287
45437.0,98825.0,31.2,24997.0,501.0,12754.0,6100.0,9372.0,ZCTA5 92122,92122,0.5501463564936065,0.01102625613486806,0.2806963487906332,0.13425182120298434,0.206263617756454
32999.0,121856.0,36.4,16272.0,2227.0,7266.0,7206.0,2620.0,ZCTA5 92123,92123,0.4931058516924755,0.06748689354222855,0.22018849056032,0.21837025364404983,0.0793963453437983
31032.0,108219.0,32.4,20293.0,2044.0,3370.0,6283.0,1696.0,ZCTA5 92124,92124,0.6539378705852024,0.06586749162155195,0.1085975766950245,0.20246841969579787,0.05465326114978087
77239.0,123232.0,36.3,22381.0,2558.0,38016.0,12729.0,6010.0,ZCTA5 92126,92126,0.2897629435906731,0.033117984437913486,0.4921865896761998,0.16480016571939046,0.07781043255350277
50711.0,179220.0,38.6,25539.0,1031.0,16372.0,4050.0,1700.0,ZCTA5 92127,92127,0.5036185443000533,0.020330894677683342,0.3228490859971209,0.07986432923823233,0.03352329869259135
48492.0,128150.0,44.4,27358.0,1217.0,13180.0,5123.0,2620.0,ZCTA5 92128,92128,0.564175534108719,0.025096923203827434,0.2717974098820424,0.10564629217190465,0.054029530644229974
53080.0,152626.0,41.0,26241.0,841.0,18336.0,6573.0,2673.0,ZCTA5 92129,92129,0.4943669932177845,0.015844009042954032,0.34544084400904296,0.12383195177091183,0.050357950263752824
59768.0,201731.0,39.7,31542.0,199.0,20009.0,5434.0,2784.0,ZCTA5 92130,92130,0.5277405969749699,0.003329540891446928,0.33477780752242003,0.09091821710614376,0.04658010975772989
35831.0,181281.0,43.0,18985.0,508.0,10842.0,3916.0,1042.0,ZCTA5 92131,92131,0.5298484552482488,0.01417766738299238,0.3025871452094555,0.10929083754290977,0.029080963411570987
34780.0,92381.0,36.5,7734.0,3701.0,9974.0,14302.0,2549.0,ZCTA5 92139,92139,0.22236917768832662,0.10641173087981598,0.28677400805060377,0.41121334100057505,0.07328924669350201
82832.0,90035.0,35.6,27060.0,4675.0,10154.0,56575.0,8848.0,ZCTA5 92154,92154,0.32668533899942054,0.05643954027429013,0.12258547421286459,0.6830089820359282,0.10681862082287039
26507.0,65865.0,36.3,7296.0,438.0,659.0,24549.0,3611.0,ZCTA5 92173,92173,0.275248047685517,0.01652393707322594,0.024861357377296563,0.926132719658958,0.13622816614479194
